,High
19325,14.69
19326,14.85
19327,14.79
19328,14.69
19329,14.58
19330,14.4
19331,14.37
19332,14.39
19333,14.49
19334,14.58
19335,14.56
19336,14.45
19337,14.09
19338,14.27
19339,14.29
19340,14.15
19341,14.14
19342,14.72
19343,14.83
19344,14.82
19345,14.83
19346,15.05
19347,15.18
19348,15.22
19349,15.23
19350,15.17
19351,15.33
19352,15.4
19353,15.23
19354,15.02
19355,15.11
19356,15.25
19357,15.07
19358,15.08
19359,15.01
19360,14.82
19361,14.78
19362,14.93
19363,14.97
19364,14.88
19365,15.01
19366,15.16
19367,15.65
19368,15.59
19369,15.41
19370,15.41
19371,15.43
19372,15.48
19373,15.3
19374,15.47
19375,15.67
19376,15.8
19377,15.72
19378,15.69
19379,15.88
19380,15.88
19381,15.86
19382,15.93
19383,16.14
19384,16.05
19385,16.12
19386,15.86
19387,15.92
19388,15.83
19389,15.8
19390,15.66
19391,15.6
19392,15.65
19393,15.47
19394,15.34
19395,15.21
19396,15.19
19397,15.04
19398,14.97
19399,15.02
19400,15.07
19401,14.78
19402,14.77
19403,14.87
19404,14.8
19405,15.24
19406,15.44
19407,15.41
19408,15.32
19409,15.44
19410,15.26
19411,15.2
19412,15.3
19413,15.17
19414,15.19
19415,15.21
19416,15.37
19417,15.41
19418,15.5
19419,15.45
19420,15.21
19421,15.18
19422,15.24
19423,15.17
19424,15.15
19425,15.36
19426,15.32
19427,15.32
19428,14.7
19429,14.64
19430,14.72
19431,14.49
19432,14.44
19433,14.68
19434,14.55
19435,14.45
19436,14.31
19437,14.13
19438,14.21
19439,14.46
19440,14.57
19441,14.58
19442,14.73
19443,14.89
19444,14.81
19445,14.94
19446,14.85
19447,14.79
19448,14.67
19449,15.33
19450,15.07
19451,14.84
19452,14.32
19453,14.26
19454,14.39
19455,14.7
19456,14.78
19457,14.77
19458,14.88
19459,15.0
19460,14.97
19461,15.01
19462,15.24
19463,15.3
19464,14.71
19465,14.63
19466,14.33
19467,14.12
19468,14.53
19469,14.7
19470,14.81
19471,14.98
19472,15.0
19473,14.92
19474,14.96
19475,15.11
19476,15.27
19477,15.1
19478,14.72
19479,14.41
19480,14.69
19481,14.33
19482,14.8
19483,15.28
19484,15.4
19485,15.31
19486,15.02
19487,15.05
19488,14.59
19489,15.01
19490,15.84
19491,15.99
19492,15.46
19493,15.0
19494,16.65
19495,16.76
19496,16.73
19497,16.92
19498,17.47
19499,17.58
19500,17.56
19501,17.74
19502,17.91
19503,17.81
19504,17.84
19505,17.99
19506,18.2
19507,18.23
19508,18.08
19509,18.05
19510,18.11
19511,18.03
19512,17.86
19513,17.91
19514,18.02
19515,18.01
19516,17.96
19517,17.76
19518,17.66
19519,17.6
19520,17.5
19521,17.41
19522,17.39
19523,17.93
19524,17.98
19525,18.04
19526,18.07
19527,17.97
19528,17.95
19529,18.27
19530,18.39
19531,18.49
19532,18.46
19533,18.36
19534,18.43
19535,18.49
19536,18.53
19537,18.54
19538,18.43
19539,18.39
19540,18.11
19541,18.14
19542,18.27
19543,18.23
19544,18.03
19545,18.44
19546,18.55
19547,18.81
19548,18.79
19549,18.8
19550,18.69
19551,18.65
19552,18.85
19553,18.82
19554,18.81
19555,18.82
19556,18.93
19557,19.05
19558,19.18
19559,19.25
19560,19.2
19561,18.92
19562,18.78
19563,18.78
19564,18.8
19565,18.68
19566,18.64
19567,18.6
19568,18.64
19569,18.53
19570,18.67
19571,18.79
19572,18.74
19573,18.44
19574,18.47
19575,18.51
19576,18.26
19577,18.46
19578,18.62
19579,18.71
19580,18.76
19581,18.72
19582,18.58
19583,18.54
19584,18.65
19585,18.84
19586,18.88
19587,18.9
19588,18.84
19589,18.87
19590,18.62
19591,18.77
19592,18.77
19593,18.81
19594,18.88
19595,18.62
19596,18.54
19597,18.58
19598,18.38
19599,18.07
19600,18.06
19601,18.04
19602,17.93
19603,17.95
19604,18.06
19605,18.07
19606,17.7
19607,17.7
19608,17.58
19609,17.45
19610,17.57
19611,17.28
19612,17.09
19613,17.15
19614,17.42
19615,17.38
19616,17.49
19617,17.34
19618,17.19
19619,17.27
19620,17.09
19621,17.21
19622,17.28
19623,17.15
19624,16.81
19625,16.91
19626,17.72
19627,17.37
19628,17.7
19629,18.38
19630,18.44
19631,18.09
19632,17.98
19633,18.24
19634,18.55
19635,18.57
19636,18.57
19637,18.7
19638,18.62
19639,18.64
19640,18.57
19641,18.56
19642,18.67
19643,18.62
19644,18.09
19645,18.12
19646,18.07
19647,17.86
19648,17.74
19649,18.3
19650,18.34
19651,18.38
19652,18.36
19653,18.33
19654,18.13
19655,18.07
19656,17.95
19657,17.69
19658,17.31
19659,17.23
19660,17.27
19661,17.25
19662,17.36
19663,17.31
19664,17.28
19665,17.41
19666,16.98
19667,16.99
19668,17.1
19669,17.1
19670,16.94
19671,17.31
19672,17.29
19673,17.37
19674,17.64
19675,17.68
19676,17.54
19677,17.5
19678,17.41
19679,17.42
19680,17.44
19681,17.19
19682,17.03
19683,17.06
19684,17.15
19685,16.94
19686,16.85
19687,17.02
19688,17.27
19689,17.19
19690,17.0
19691,17.08
19692,16.95
19693,17.04
19694,17.1
19695,17.08
19696,17.14
19697,16.94
19698,16.86
19699,16.87
19700,16.65
19701,16.38
19702,16.3
19703,16.49
19704,16.41
19705,16.33
19706,16.58
19707,16.71
19708,16.59
19709,16.72
19710,16.66
19711,16.59
19712,16.59
19713,16.58
19714,16.6
19715,16.54
19716,16.5
19717,16.38
19718,16.3
19719,16.3
19720,16.33
19721,16.33
19722,16.05
19723,15.86
19724,15.92
19725,15.93
19726,15.91
19727,15.95
19728,16.03
19729,15.97
19730,15.82
19731,15.51
19732,15.86
19733,15.95
19734,15.95
19735,15.88
19736,15.78
19737,15.73
19738,15.74
19739,15.53
19740,15.51
19741,15.51
19742,15.35
19743,15.3
19744,15.32
19745,15.27
19746,15.05
19747,14.85
19748,14.56
19749,14.46
19750,14.4
19751,14.62
19752,14.7
19753,14.61
19754,14.78
19755,14.79
19756,14.55
19757,14.52
19758,14.72
19759,14.68
19760,14.62
19761,14.68
19762,14.66
19763,14.6
19764,14.45
19765,14.38
19766,14.68
19767,14.54
19768,14.51
19769,14.66
19770,14.66
19771,14.56
19772,14.61
19773,14.94
19774,15.05
19775,15.09
19776,15.05
19777,15.1
19778,15.04
19779,14.91
19780,14.86
19781,15.03
19782,15.03
19783,14.87
19784,15.04
19785,15.35
19786,15.37
19787,15.35
19788,15.28
19789,15.26
19790,15.18
19791,15.11
19792,15.09
19793,15.1
19794,15.05
19795,14.99
19796,14.92
19797,14.89
19798,14.93
19799,14.97
19800,14.96
19801,15.03
19802,15.05
19803,15.03
19804,15.01
19805,15.11
19806,15.03
19807,14.79
19808,14.7
19809,14.7
19810,14.81
19811,14.82
19812,14.87
19813,14.77
19814,14.69
19815,14.68
19816,14.63
19817,14.62
19818,14.62
19819,14.81
19820,14.96
19821,14.93
19822,14.92
19823,14.87
19824,14.77
19825,14.79
19826,14.84
19827,14.7
19828,14.64
19829,14.67
19830,14.7
19831,14.63
19832,14.49
19833,14.51
19834,14.65
19835,14.51
19836,14.49
19837,14.2
19838,14.05
19839,14.06
19840,13.86
19841,13.81
19842,13.77
19843,13.67
19844,13.77
19845,13.79
19846,13.77
19847,13.61
19848,13.58
19849,13.47
19850,13.39
19851,13.74
19852,13.68
19853,13.69
19854,13.82
19855,14.01
19856,14.09
19857,14.07
19858,14.01
19859,13.99
19860,13.99
19861,13.82
19862,14.12
19863,14.38
19864,14.37
19865,14.3
19866,14.23
19867,14.32
19868,14.3
19869,14.2
19870,14.09
19871,14.16
19872,14.19
19873,14.21
19874,14.16
19875,14.05
19876,14.07
19877,13.97
19878,13.9
19879,13.68
19880,13.76
19881,13.76
19882,13.73
19883,13.7
19884,13.6
19885,13.5
19886,13.47
19887,13.46
19888,13.54
19889,13.46
19890,13.33
19891,13.25
19892,13.21
19893,13.3
19894,13.44
19895,13.57
19896,13.63
19897,13.54
19898,13.55
19899,13.64
19900,13.68
19901,13.69
19902,13.59
19903,13.58
19904,13.46
19905,13.49
19906,13.47
19907,13.33
19908,13.28
19909,13.1
19910,12.97
19911,13.03
19912,13.12
19913,13.11
19914,13.14
19915,13.23
19916,13.19
19917,13.27
19918,13.14
19919,13.1
19920,13.14
19921,13.17
19922,13.09
19923,12.99
19924,12.96
19925,12.96
19926,12.91
19927,12.8
19928,12.83
19929,12.85
19930,12.78
19931,12.79
19932,12.75
19933,12.82
19934,12.81
19935,12.72
19936,12.67
19937,12.69
19938,12.68
19939,12.71
19940,12.87
19941,12.98
19942,12.97
19943,12.94
19944,12.96
19945,12.89
19946,12.9
19947,12.83
19948,12.78
19949,12.76
19950,12.75
19951,12.73
19952,12.83
19953,12.83
19954,12.8
19955,13.02
19956,13.04
19957,13.07
19958,13.0
19959,12.95
19960,13.02
19961,13.01
19962,12.93
19963,12.89
19964,12.97
19965,12.95
19966,12.87
19967,12.8
19968,12.8
19969,12.74
19970,12.69
19971,12.73
19972,12.73
19973,12.76
19974,12.65
19975,12.62
19976,12.66
19977,12.64
19978,12.53
19979,12.45
19980,12.35
19981,12.42
19982,12.54
19983,12.48
19984,12.41
19985,12.43
19986,12.47
19987,12.78
19988,12.86
19989,12.82
19990,12.87
19991,12.84
19992,12.8
19993,12.8
19994,12.83
19995,12.91
19996,12.89
19997,12.98
19998,13.04
19999,12.98
20000,12.9
20001,12.84
20002,12.85
20003,12.83
20004,12.78
20005,12.68
20006,12.62
20007,12.67
20008,12.61
20009,12.73
20010,12.81
20011,12.78
20012,12.71
20013,12.7
20014,12.77
20015,12.77
20016,12.8
20017,12.7
20018,12.78
20019,12.96
20020,13.07
20021,12.98
20022,13.1
20023,13.23
20024,13.22
20025,13.27
20026,13.25
20027,13.27
20028,13.16
20029,13.13
20030,13.18
20031,13.11
20032,12.98
20033,12.94
20034,12.95
20035,13.02
20036,12.98
20037,12.9
20038,12.92
20039,12.94
20040,12.97
20041,12.95
20042,12.82
20043,12.73
20044,12.66
20045,12.64
20046,12.55
20047,12.27
20048,12.25
20049,12.3
20050,12.31
20051,12.23
20052,12.3
20053,12.31
20054,12.35
20055,12.27
20056,12.22
20057,12.2
20058,12.22
20059,12.17
20060,12.13
20061,12.12
20062,12.1
20063,12.08
20064,12.0
20065,11.99
20066,12.0
20067,12.09
20068,12.08
20069,12.08
20070,12.09
20071,12.08
20072,12.01
20073,12.03
20074,11.95
20075,11.96
20076,11.87
20077,11.81
20078,11.76
20079,11.69
20080,11.67
20081,11.8
20082,11.78
20083,11.69
20084,11.73
20085,11.94
20086,11.95
20087,11.95
20088,11.98
20089,12.06
20090,12.06
20091,12.04
20092,11.98
20093,11.97
20094,11.96
20095,12.02
20096,12.03
20097,11.95
20098,11.98
20099,12.1
20100,12.13
20101,12.1
20102,12.23
20103,12.25
20104,12.2
20105,12.31
20106,12.29
20107,12.28
20108,12.22
20109,12.24
20110,12.1
20111,12.08
20112,12.11
20113,12.01
20114,11.93
20115,11.9
20116,11.88
20117,11.87
20118,11.82
20119,11.89
20120,11.8
20121,11.88
20122,11.86
20123,11.76
20124,11.78
20125,11.87
20126,11.79
20127,11.82
20128,11.74
20129,11.74
20130,11.75
20131,11.67
20132,11.67
20133,11.56
20134,11.6
20135,11.7
20136,11.8
20137,11.83
20138,11.85
20139,11.81
20140,11.74
20141,11.76
20142,11.88
20143,11.89
20144,11.9
20145,11.88
20146,11.88
20147,11.87
20148,11.9
20149,11.86
20150,11.81
20151,11.84
20152,11.92
20153,11.85
20154,11.87
20155,11.89
20156,11.94
20157,11.81
20158,11.66
20159,11.67
20160,11.69
20161,11.48
20162,11.48
20163,11.59
20164,11.61
20165,11.59
20166,11.6
20167,11.61
20168,11.64
20169,11.56
20170,11.5
20171,11.44
20172,11.45
20173,11.48
20174,11.49
20175,11.43
20176,11.5
20177,11.38
20178,11.28
20179,11.23
20180,11.22
20181,11.13
20182,11.02
20183,10.99
20184,11.15
20185,11.24
20186,11.3
20187,11.34
20188,11.3
20189,11.16
20190,11.13
20191,11.2
20192,11.25
20193,11.29
20194,11.41
20195,11.3
20196,11.26
20197,11.59
20198,11.68
20199,11.78
20200,11.92
20201,11.91
20202,11.96
20203,11.99
20204,11.92
20205,11.88
20206,11.89
20207,11.84
20208,11.95
20209,11.91
20210,11.85
20211,11.83
20212,11.75
20213,11.7
20214,11.7
20215,11.72
20216,11.67
20217,11.83
20218,11.97
20219,12.02
20220,12.09
20221,12.08
20222,12.01
20223,11.98
20224,12.0
20225,12.1
20226,12.1
20227,12.21
20228,12.24
20229,12.23
20230,12.1
20231,11.98
20232,11.91
20233,11.89
20234,11.91
20235,11.93
20236,11.91
20237,11.78
20238,11.85
20239,11.82
20240,11.84
20241,11.84
20242,11.8
20243,11.67
20244,11.67
20245,11.75
20246,11.71
20247,11.69
20248,11.6
20249,11.81
20250,11.91
20251,11.92
20252,11.88
20253,11.81
20254,11.84
20255,11.73
20256,11.8
20257,11.71
20258,11.6
20259,11.63
20260,11.75
20261,11.79
20262,11.72
20263,11.47
20264,11.85
20265,12.08
20266,11.88
20267,11.92
20268,12.31
20269,12.51
20270,12.5
20271,12.5
20272,12.47
20273,12.55
20274,12.54
20275,12.57
20276,12.64
20277,12.57
20278,12.49
20279,12.41
20280,12.36
20281,12.35
20282,12.37
20283,12.35
20284,12.36
20285,12.35
20286,12.28
20287,12.32
20288,12.21
20289,11.95
20290,11.89
20291,11.92
20292,11.9
20293,11.96
20294,11.97
20295,11.95
20296,11.93
20297,11.88
20298,12.08
20299,12.14
20300,12.12
20301,12.08
20302,12.15
20303,12.18
20304,12.24
20305,12.19
20306,12.18
20307,12.05
20308,12.02
20309,11.99
20310,11.9
20311,11.87
20312,11.9
20313,11.9
20314,11.93
20315,11.81
20316,11.72
20317,11.7
20318,11.92
20319,11.88
20320,11.93
20321,11.97
20322,11.81
20323,11.97
20324,11.93
20325,11.86
20326,11.82
20327,11.59
20328,11.59
20329,11.48
20330,11.48
20331,11.48
20332,11.48
20333,11.45
20334,11.34
20335,11.38
20336,11.33
20337,11.36
20338,11.28
20339,11.14
20340,11.15
20341,11.14
20342,11.6
20343,11.7
20344,11.76
20345,11.59
20346,11.56
20347,11.59
20348,11.58
20349,11.59
20350,11.49
20351,11.3
20352,11.21
20353,10.98
20354,10.95
20355,10.92
20356,10.88
20357,10.91
20358,10.93
20359,11.01
20360,11.04
20361,11.05
20362,11.01
20363,10.9
20364,10.95
20365,11.01
20366,11.05
20367,11.0
20368,10.98
20369,10.84
20370,10.92
20371,10.97
20372,10.97
20373,10.9
20374,10.84
20375,10.64
20376,10.66
20377,10.81
20378,10.79
20379,10.81
20380,10.67
20381,10.65
20382,10.58
20383,10.5
20384,10.51
20385,10.43
20386,10.44
20387,10.52
20388,10.52
20389,10.44
20390,10.35
20391,10.34
20392,10.35
20393,10.3
20394,10.17
20395,10.18
20396,10.03
20397,10.02
20398,10.12
20399,10.09
20400,10.01
20401,9.95
20402,9.93
20403,9.96
20404,9.92
20405,9.91
20406,9.89
20407,9.9
20408,9.92
20409,9.77
20410,9.76
20411,9.65
20412,9.65
20413,9.74
20414,9.7
20415,9.67
20416,9.68
20417,9.68
20418,9.69
20419,9.52
20420,9.44
20421,9.42
20422,9.37
20423,9.37
20424,9.36
20425,9.36
20426,9.3
20427,9.34
20428,9.34
20429,9.31
20430,9.28
20431,9.29
20432,9.34
20433,9.31
20434,9.35
20435,9.37
20436,9.48
20437,9.39
20438,9.4
20439,9.36
20440,9.48
20441,9.57
20442,9.63
20443,9.61
20444,9.69
20445,9.58
20446,9.46
20447,9.44
20448,9.48
20449,9.36
20450,9.3
20451,9.31
20452,9.39
20453,9.48
20454,9.43
20455,9.46
20456,9.46
20457,9.47
20458,9.35
20459,9.35
20460,9.31
20461,9.43
20462,9.45
20463,9.34
20464,9.3
20465,9.17
20466,9.13
20467,9.13
20468,9.05
20469,8.92
20470,8.85
20471,8.85
20472,8.89
20473,8.9
20474,8.86
20475,8.75
20476,8.68
20477,8.65
20478,8.66
20479,8.59
20480,8.6
20481,8.59
20482,8.55
20483,8.54
20484,8.58
20485,8.64
20486,8.68
20487,8.61
20488,8.62
20489,8.63
20490,8.62
20491,8.62
20492,8.61
20493,8.59
20494,8.54
20495,8.65
20496,8.73
20497,8.71
20498,8.69
20499,8.72
20500,8.73
20501,8.65
20502,8.58
20503,8.54
20504,8.51
20505,8.51
20506,8.48
20507,8.49
20508,8.46
20509,8.47
20510,8.55
20511,8.57
20512,8.56
20513,8.5
20514,8.48
20515,8.62
20516,8.63
20517,8.63
20518,8.62
20519,8.74
20520,8.77
20521,8.75
20522,8.72
20523,8.82
20524,8.83
20525,8.82
20526,8.73
20527,8.8
20528,8.81
20529,8.72
20530,8.51
20531,8.53
20532,8.44
20533,8.36
20534,8.23
20535,8.3
20536,8.28
20537,8.23
20538,8.22
20539,8.21
20540,8.25
20541,8.25
20542,8.4
20543,8.49
20544,8.53
20545,8.39
20546,8.38
20547,8.32
20548,8.37
20549,8.34
20550,8.39
20551,8.47
20552,8.37
20553,8.35
20554,8.24
20555,8.18
20556,8.19
20557,8.15
20558,8.18
20559,8.16
20560,8.0
20561,7.98
20562,8.01
20563,8.02
20564,7.89
20565,7.91
20566,7.94
20567,7.88
20568,7.79
20569,7.81
20570,7.94
20571,8.0
20572,7.89
20573,7.89
20574,7.79
20575,7.8
20576,7.77
20577,7.71
20578,7.66
20579,7.61
20580,7.47
20581,7.54
20582,7.55
20583,7.59
20584,7.79
20585,7.81
20586,7.79
20587,7.7
20588,7.82
20589,7.81
20590,7.83
20591,7.96
20592,7.98
20593,7.99
20594,8.12
20595,8.16
20596,8.2
20597,8.11
20598,8.05
20599,8.01
20600,8.06
20601,8.05
20602,8.13
20603,8.16
20604,8.22
20605,8.15
20606,8.11
20607,8.2
20608,8.21
20609,8.29
20610,8.12
20611,8.03
20612,7.98
20613,7.98
20614,8.14
20615,8.2
20616,8.16
20617,8.38
20618,8.51
20619,8.6
20620,8.47
20621,8.59
20622,8.52
20623,8.46
20624,8.52
20625,8.47
20626,8.5
20627,8.48
20628,8.49
20629,8.65
20630,8.62
20631,8.6
20632,8.62
20633,8.74
20634,8.85
20635,8.95
20636,8.97
20637,8.9
20638,8.84
20639,8.85
20640,8.91
20641,8.93
20642,8.99
20643,8.97
20644,8.84
20645,8.81
20646,8.81
20647,8.94
20648,8.96
20649,8.96
20650,9.04
20651,9.02
20652,9.02
20653,8.84
20654,8.85
20655,8.88
20656,9.0
20657,9.05
20658,9.09
20659,8.89
20660,8.69
20661,8.74
20662,8.37
20663,8.42
20664,8.39
20665,8.38
20666,8.4
20667,8.49
20668,8.49
20669,8.57
20670,8.71
20671,8.73
20672,8.73
20673,8.82
20674,8.68
20675,8.68
20676,8.97
20677,9.32
20678,9.38
20679,9.36
20680,9.26
20681,9.07
20682,9.12
20683,9.21
20684,9.27
20685,9.35
20686,9.4
20687,9.38
20688,9.34
20689,9.26
20690,9.28
20691,9.3
20692,9.21
20693,9.26
20694,9.48
20695,9.55
20696,9.58
20697,9.66
20698,9.59
20699,9.5
20700,9.62
20701,9.62
20702,9.65
20703,9.66
20704,9.82
20705,9.77
20706,9.76
20707,9.8
20708,9.71
20709,9.62
20710,9.58
20711,9.72
20712,9.78
20713,9.84
20714,9.84
20715,9.98
20716,10.0
20717,10.12
20718,10.13
20719,10.14
20720,10.17
20721,10.2
20722,10.13
20723,10.09
20724,10.12
20725,10.25
20726,10.32
20727,10.28
20728,10.29
20729,10.39
20730,10.47
20731,10.29
20732,10.24
20733,10.23
20734,10.23
20735,10.12
20736,10.2
20737,10.23
20738,10.21
20739,10.24
20740,10.27
20741,10.34
20742,10.28
20743,10.29
20744,10.26
20745,10.25
20746,10.17
20747,10.15
20748,10.17
20749,10.18
20750,10.14
20751,10.13
20752,10.03
20753,10.13
20754,10.09
20755,10.14
20756,10.14
20757,10.23
20758,10.34
20759,10.36
20760,10.36
20761,10.36
20762,10.34
20763,10.39
20764,10.4
20765,10.45
20766,10.47
20767,10.34
20768,10.36
20769,10.42
20770,10.45
20771,10.46
20772,10.25
20773,10.21
20774,10.28
20775,10.33
20776,10.3
20777,10.28
20778,10.31
20779,10.28
20780,10.28
20781,10.09
20782,9.91
20783,9.89
20784,9.82
20785,9.85
20786,9.89
20787,9.94
20788,9.9
20789,9.88
20790,9.95
20791,9.76
20792,9.88
20793,9.9
20794,9.89
20795,9.81
20796,9.85
20797,9.87
20798,9.82
20799,9.82
20800,9.66
20801,9.49
20802,9.5
20803,9.46
20804,9.47
20805,9.36
20806,9.38
20807,9.39
20808,9.39
20809,9.33
20810,9.44
20811,9.44
20812,9.55
20813,9.56
20814,9.4
20815,9.35
20816,9.33
20817,9.49
20818,9.56
20819,9.56
20820,9.45
20821,9.45
20822,9.47
20823,9.5
20824,9.34
20825,9.33
20826,9.3
20827,9.31
20828,9.44
20829,9.42
20830,9.4
20831,9.47
20832,9.43
20833,9.32
20834,9.37
20835,9.4
20836,9.54
20837,9.59
20838,9.59
20839,9.62
20840,9.69
20841,9.7
20842,9.84
20843,10.05
20844,10.14
20845,10.16
20846,10.01
20847,9.97
20848,9.96
20849,9.94
20850,10.01
20851,9.93
20852,9.96
20853,9.92
20854,9.93
20855,10.02
20856,10.01
20857,10.07
20858,10.03
20859,9.98
20860,9.97
20861,10.02
20862,10.02
20863,10.1
20864,9.9
20865,9.95
20866,9.76
20867,9.82
20868,9.77
20869,9.92
20870,9.88
20871,9.95
20872,9.93
20873,9.84
20874,9.76
20875,9.72
20876,9.55
20877,9.63
20878,9.65
20879,9.53
20880,9.84
20881,9.98
20882,10.15
20883,10.16
20884,10.19
20885,10.15
20886,9.97
20887,9.96
20888,10.07
20889,10.04
20890,10.22
20891,10.43
20892,10.49
20893,10.45
20894,10.42
20895,10.43
20896,10.37
20897,10.47
20898,10.52
20899,10.54
20900,10.67
20901,10.76
20902,10.82
20903,10.86
20904,10.83
20905,10.77
20906,10.75
20907,10.74
20908,10.72
20909,10.48
20910,10.58
20911,10.57
20912,10.44
20913,10.39
20914,10.4
20915,10.38
20916,10.41
20917,10.4
20918,10.44
20919,10.54
20920,10.58
20921,10.69
20922,10.67
20923,10.63
20924,10.61
20925,10.61
20926,10.53
20927,10.51
20928,10.58
20929,10.58
20930,10.62
20931,10.57
20932,10.56
20933,10.56
20934,10.76
20935,10.79
20936,10.79
20937,10.79
20938,11.05
20939,11.04
20940,11.17
20941,11.29
20942,11.26
20943,11.36
20944,11.23
20945,11.39
20946,10.79
20947,11.16
20948,11.08
20949,11.08
20950,10.92
20951,10.83
20952,10.81
20953,10.73
20954,10.73
20955,10.8
20956,10.7
20957,10.65
20958,10.72
20959,10.73
20960,10.68
20961,10.64
20962,10.53
20963,10.58
20964,10.47
20965,10.48
20966,10.54
20967,10.72
20968,10.78
20969,10.87
20970,10.86
20971,10.81
20972,10.66
20973,10.58
20974,10.77
20975,10.84
20976,10.86
20977,10.9
20978,10.59
20979,10.59
20980,10.62
20981,10.54
20982,10.46
20983,10.31
20984,10.3
20985,10.45
20986,10.53
20987,10.52
20988,10.85
20989,10.93
20990,10.78
20991,10.56
20992,10.5
20993,10.32
20994,10.37
20995,10.23
20996,10.23
20997,10.19
20998,10.32
20999,10.21
21000,10.03
21001,9.91
21002,9.84
21003,10.0
21004,9.91
21005,10.0
21006,10.38
21007,10.27
21008,10.17
21009,10.17
21010,10.17
21011,10.28
21012,10.25
21013,10.26
21014,10.29
21015,10.33
21016,10.08
21017,9.97
21018,9.92
21019,9.89
21020,9.98
21021,9.97
21022,9.97
21023,10.07
21024,10.06
21025,10.09
21026,9.98
21027,9.95
21028,9.97
21029,9.97
21030,9.94
21031,9.94
21032,9.94
21033,9.88
21034,9.85
21035,9.87
21036,9.98
21037,9.85
21038,9.75
21039,9.81
21040,10.1
21041,9.91
21042,9.91
21043,10.03
21044,10.01
21045,9.98
21046,9.94
21047,9.7
21048,9.89
21049,9.42
21050,8.99
21051,9.34
21052,9.22
21053,9.09
21054,9.23
21055,9.11
21056,9.27
21057,9.25
21058,9.19
21059,9.38
21060,9.16
21061,9.2
21062,9.18
21063,9.14
21064,9.79
21065,9.95
21066,10.48
21067,10.38
21068,10.28
21069,11.11
21070,11.76
21071,12.12
21072,12.11
21073,12.09
21074,12.06
21075,12.12
21076,12.1
21077,12.03
21078,12.19
21079,12.12
21080,12.08
21081,12.19
21082,12.18
21083,12.23
21084,12.14
21085,12.04
21086,12.04
21087,12.16
21088,12.15
21089,12.32
21090,12.32
21091,12.39
21092,12.35
21093,12.46
21094,12.59
21095,12.48
21096,12.52
21097,12.44
21098,12.25
21099,12.21
21100,12.18
21101,12.14
21102,12.17
21103,12.01
21104,12.07
21105,12.14
21106,12.14
21107,12.09
21108,12.0
21109,12.07
21110,12.22
21111,12.25
21112,12.27
21113,12.24
21114,12.2
21115,12.25
21116,12.24
21117,12.15
21118,12.09
21119,12.06
21120,12.13
21121,12.15
21122,12.14
21123,12.16
21124,12.23
21125,12.32
21126,12.35
21127,12.29
21128,12.29
21129,12.28
21130,12.28
21131,12.33
21132,12.37
21133,12.37
21134,12.22
21135,12.14
21136,12.04
21137,12.06
21138,12.05
21139,12.05
21140,12.09
21141,12.16
21142,12.15
21143,12.16
21144,12.27
21145,12.11
21146,12.06
21147,12.15
21148,12.13
21149,12.15
21150,12.14
21151,12.07
21152,12.13
21153,12.37
21154,12.57
21155,12.55
21156,12.67
21157,12.66
21158,12.73
21159,12.77
21160,12.63
21161,12.46
21162,12.42
21163,12.31
21164,12.38
21165,12.44
21166,12.38
21167,12.39
21168,12.34
21169,12.37
21170,12.4
21171,12.36
21172,12.38
21173,12.19
21174,12.23
21175,12.36
21176,12.46
21177,12.45
21178,12.26
21179,12.28
21180,12.29
21181,12.2
21182,12.33
21183,12.47
21184,12.52
21185,12.49
21186,12.68
21187,12.7
21188,12.79
21189,12.75
21190,12.79
21191,12.63
21192,12.74
21193,12.65
21194,12.64
21195,12.58
21196,12.75
21197,12.82
21198,12.95
21199,12.84
21200,12.82
21201,12.83
21202,12.96
21203,13.02
21204,13.08
21205,13.21
21206,13.02
21207,12.99
21208,12.94
21209,12.98
21210,13.0
21211,13.09
21212,12.74
21213,12.74
21214,12.84
21215,12.76
21216,12.73
21217,12.8
21218,12.82
21219,12.79
21220,12.77
21221,12.88
21222,12.79
21223,12.86
21224,13.11
21225,13.11
21226,12.95
21227,12.92
21228,13.02
21229,12.94
21230,12.95
21231,12.47
21232,13.07
21233,13.08
21234,13.03
21235,13.17
21236,13.02
21237,12.69
21238,12.5
21239,12.53
21240,12.64
21241,11.3
21242,11.18
21243,11.36
21244,11.48
21245,11.17
21246,11.09
21247,10.86
21248,10.89
21249,11.24
21250,11.03
21251,11.33
21252,11.57
21253,11.58
21254,11.89
21255,11.78
21256,11.56
21257,11.54
21258,11.78
21259,11.87
21260,11.84
21261,11.9
21262,12.12
21263,12.16
21264,12.04
21265,12.04
21266,12.14
21267,12.18
21268,12.17
21269,12.05
21270,12.13
21271,12.09
21272,11.85
21273,12.0
21274,12.16
21275,12.07
21276,11.55
21277,11.64
21278,11.55
21279,11.31
21280,11.17
21281,11.13
21282,11.19
21283,11.2
21284,11.0
21285,10.86
21286,10.79
21287,11.06
21288,11.29
21289,11.24
21290,11.5
21291,11.45
21292,11.52
21293,11.52
21294,11.42
21295,11.28
21296,11.25
21297,11.53
21298,11.58
21299,11.66
21300,11.8
21301,11.64
21302,11.67
21303,11.66
21304,11.51
21305,11.48
21306,11.42
21307,11.6
21308,11.65
21309,11.49
21310,11.45
21311,11.43
21312,11.11
21313,11.17
21314,10.99
21315,10.89
21316,10.87
21317,10.94
21318,11.25
21319,11.21
21320,11.29
21321,11.29
21322,11.43
21323,11.23
21324,11.21
21325,11.25
21326,11.29
21327,11.0
21328,10.86
21329,10.93
21330,11.03
21331,10.91
21332,10.8
21333,10.78
21334,10.96
21335,10.92
21336,10.79
21337,10.66
21338,10.83
21339,10.63
21340,10.79
21341,10.7
21342,10.42
21343,10.44
21344,10.66
21345,11.06
21346,11.02
21347,11.26
21348,10.98
21349,11.51
21350,11.92
21351,11.83
21352,11.99
21353,12.07
21354,11.92
21355,11.75
21356,12.16
21357,11.95
21358,12.21
21359,12.58
21360,12.61
21361,12.97
21362,12.92
21363,13.1
21364,13.01
21365,13.07
21366,12.85
21367,12.79
21368,12.86
21369,12.68
21370,12.7
21371,12.7
21372,12.63
21373,12.54
21374,12.24
21375,12.23
21376,12.16
21377,12.4
21378,12.48
21379,12.38
21380,12.36
21381,12.33
21382,12.3
21383,12.48
21384,12.32
21385,12.47
21386,12.3
21387,12.38
21388,12.12
21389,12.3
21390,12.16
21391,11.86
21392,11.53
21393,11.91
21394,11.98
21395,11.93
21396,12.75
21397,12.8
21398,12.71
21399,12.73
21400,12.63
21401,12.33
21402,12.47
21403,12.57
21404,12.81
21405,12.79
21406,13.07
21407,13.06
21408,13.23
21409,13.08
21410,13.14
21411,13.13
21412,12.85
21413,12.73
21414,12.81
21415,12.67
21416,12.58
21417,12.66
21418,12.68
21419,12.9
21420,12.89
21421,12.86
21422,12.59
21423,12.46
21424,12.32
21425,12.39
21426,12.54
21427,12.5
21428,12.4
21429,12.48
21430,12.61
21431,12.73
21432,12.43
21433,12.37
21434,12.82
21435,12.8
21436,12.77
21437,12.88
21438,12.84
21439,13.12
21440,12.97
21441,13.35
21442,13.43
21443,13.7
21444,13.79
21445,13.43
21446,13.17
21447,13.19
21448,13.15
21449,13.1
21450,13.17
21451,13.14
21452,13.33
21453,13.26
21454,13.43
21455,13.4
21456,13.25
21457,13.21
21458,13.01
21459,13.25
21460,13.07
21461,13.15
21462,13.24
21463,12.84
21464,13.91
21465,12.85
21466,12.82
21467,12.86
21468,12.48
21469,12.52
21470,12.24
21471,11.9
21472,11.48
21473,10.99
21474,11.02
21475,11.36
21476,11.75
21477,11.96
21478,11.89
21479,11.5
21480,11.43
21481,11.67
21482,11.3
21483,11.37
21484,12.06
21485,12.02
21486,12.29
21487,12.41
21488,12.22
21489,12.26
21490,11.92
21491,12.06
21492,12.04
21493,11.85
21494,12.5
21495,12.62
21496,12.52
21497,12.55
21498,12.27
21499,12.31
21500,12.09
21501,12.1
21502,12.08
21503,11.92
21504,11.92
21505,12.17
21506,12.49
21507,12.65
21508,12.73
21509,12.66
21510,12.38
21511,12.3
21512,12.41
21513,12.25
21514,12.33
21515,12.48
21516,12.25
21517,12.62
21518,12.8
21519,12.55
21520,12.54
21521,12.53
21522,12.67
21523,12.35
21524,12.0
21525,11.84
21526,11.95
21527,12.04
21528,11.73
21529,11.89
21530,12.09
21531,12.14
21532,11.98
21533,11.91
21534,11.56
21535,11.72
21536,11.25
21537,11.26
21538,11.15
21539,11.03
21540,10.73
21541,10.46
21542,10.19
21543,9.67
21544,9.76
21545,9.67
21546,9.63
21547,9.52
21548,9.8
21549,9.94
21550,9.73
21551,9.7
21552,9.74
21553,9.42
21554,9.54
21555,9.57
21556,9.27
21557,9.28
21558,9.29
21559,9.54
21560,9.71
21561,9.89
21562,9.96
21563,10.11
21564,10.0
21565,10.14
21566,10.08
21567,10.26
21568,10.43
21569,10.49
21570,10.43
21571,10.63
21572,10.43
21573,9.97
21574,10.01
21575,9.85
21576,9.59
21577,9.78
21578,9.77
21579,10.08
21580,9.95
21581,10.21
21582,10.45
21583,10.16
21584,10.06
21585,10.11
21586,10.41
21587,10.2
21588,10.1
21589,10.05
21590,9.95
21591,9.62
21592,9.2
21593,9.27
21594,9.48
21595,9.24
21596,8.91
21597,8.5
21598,8.62
21599,8.73
21600,9.27
21601,9.35
21602,9.89
21603,9.86
21604,10.06
21605,10.38
21606,10.19
21607,10.53
21608,10.62
21609,11.11
21610,10.78
21611,10.58
21612,10.77
21613,10.89
21614,10.88
21615,10.88
21616,11.13
21617,11.24
21618,11.35
21619,11.46
21620,11.34
21621,11.57
21622,11.51
21623,11.68
21624,11.38
21625,11.02
21626,11.15
21627,10.87
21628,10.89
21629,11.02
21630,10.93
21631,10.97
21632,10.9
21633,10.98
21634,10.56
21635,10.54
21636,10.34
21637,10.74
21638,10.89
21639,10.69
21640,10.55
21641,10.64
21642,10.79
21643,11.22
21644,11.4
21645,11.44
21646,11.66
21647,11.45
21648,11.55
21649,11.67
21650,11.7
21651,11.67
21652,11.84
21653,11.95
21654,11.87
21655,11.32
21656,11.74
21657,10.92
21658,10.99
21659,10.52
21660,10.55
21661,10.56
21662,10.42
21663,10.31
21664,10.69
21665,11.06
21666,11.12
21667,11.18
21668,11.38
21669,11.31
21670,11.0
21671,11.08
21672,10.91
21673,10.83
21674,10.74
21675,11.1
21676,11.21
21677,11.42
21678,11.32
21679,11.13
21680,11.34
21681,11.19
21682,10.97
21683,11.11
21684,10.96
21685,10.67
21686,10.17
21687,10.43
21688,10.25
21689,10.51
21690,11.16
21691,11.39
21692,11.48
21693,11.53
21694,11.91
21695,11.96
21696,11.35
21697,11.12
21698,11.46
21699,11.46
21700,11.52
21701,12.08
21702,12.35
21703,12.05
21704,11.76
21705,11.74
21706,12.0
21707,11.84
21708,12.17
21709,11.93
21710,11.1
21711,10.76
21712,11.84
21713,11.97
21714,12.21
21715,12.22
21716,12.75
21717,13.06
21718,13.16
21719,12.85
21720,13.59
21721,13.72
21722,13.76
21723,13.79
21724,13.72
21725,13.63
21726,13.2
21727,13.79
21728,14.14
21729,14.08
21730,13.94
21731,14.57
21732,14.89
21733,14.61
21734,14.68
21735,14.23
21736,14.19
21737,14.98
21738,14.61
21739,14.69
21740,15.46
21741,15.36
21742,15.61
21743,16.04
21744,16.12
21745,15.88
21746,16.15
21747,16.47
21748,16.59
21749,16.46
21750,16.49
21751,16.66
21752,16.91
21753,17.07
21754,17.17
21755,17.27
21756,17.1
21757,17.01
21758,17.04
21759,17.07
21760,16.85
21761,16.91
21762,17.02
21763,16.93
21764,17.07
21765,16.77
21766,16.72
21767,16.78
21768,17.04
21769,17.06
21770,16.94
21771,16.87
21772,16.82
21773,16.94
21774,16.74
21775,16.42
21776,16.46
21777,16.38
21778,16.4
21779,16.54
21780,16.32
21781,16.4
21782,16.37
21783,16.25
21784,15.7
21785,15.47
21786,15.4
21787,15.14
21788,15.12
21789,15.52
21790,15.62
21791,15.51
21792,15.38
21793,15.35
21794,15.51
21795,15.39
21796,15.18
21797,15.34
21798,15.2
21799,15.73
21800,15.94
21801,16.04
21802,16.18
21803,16.13
21804,16.28
21805,16.1
21806,16.07
21807,15.96
21808,16.26
21809,16.26
21810,16.23
21811,16.25
21812,16.46
21813,16.27
21814,16.26
21815,15.84
21816,15.88
21817,15.62
21818,15.81
21819,15.65
21820,16.19
21821,16.29
21822,16.28
21823,16.65
21824,16.71
21825,16.59
21826,16.73
21827,16.47
21828,16.43
21829,15.99
21830,15.99
21831,16.43
21832,16.16
21833,16.85
21834,17.19
21835,17.41
21836,17.18
21837,17.13
21838,17.16
21839,17.23
21840,17.3
21841,17.28
21842,17.1
21843,17.03
21844,16.99
21845,16.91
21846,17.46
21847,17.62
21848,17.49
21849,17.71
21850,17.92
21851,17.95
21852,17.63
21853,17.68
21854,17.7
21855,17.49
21856,17.22
21857,17.72
21858,17.73
21859,18.11
21860,18.23
21861,18.14
21862,18.36
21863,18.38
21864,18.67
21865,18.54
21866,18.56
21867,18.62
21868,18.38
21869,18.55
21870,18.34
21871,18.09
21872,18.06
21873,18.0
21874,18.07
21875,17.97
21876,18.37
21877,18.22
21878,18.12
21879,18.15
21880,18.1
21881,18.32
21882,18.17
21883,17.99
21884,18.07
21885,17.86
21886,18.15
21887,18.13
21888,18.0
21889,17.88
21890,17.77
21891,17.63
21892,17.65
21893,17.51
21894,17.77
21895,17.87
21896,17.96
21897,17.84
21898,17.62
21899,17.74
21900,17.74
21901,17.66
21902,17.61
21903,17.58
21904,17.57
21905,17.48
21906,17.48
21907,17.09
21908,17.08
21909,16.93
21910,17.18
21911,17.27
21912,17.01
21913,16.94
21914,17.06
21915,17.03
21916,16.86
21917,16.65
21918,17.0
21919,17.16
21920,17.29
21921,17.32
21922,17.32
21923,17.14
21924,17.22
21925,17.05
21926,16.97
21927,16.91
21928,17.01
21929,17.04
21930,16.95
21931,17.14
21932,17.28
21933,17.34
21934,17.09
21935,17.18
21936,16.89
21937,17.13
21938,17.3
21939,17.51
21940,17.64
21941,17.4
21942,17.24
21943,17.43
21944,17.63
21945,17.69
21946,17.43
21947,17.56
21948,17.43
21949,17.17
21950,17.23
21951,17.2
21952,16.94
21953,16.93
21954,16.65
21955,17.09
21956,17.04
21957,17.18
21958,17.11
21959,17.13
21960,17.04
21961,16.85
21962,16.88
21963,16.96
21964,16.87
21965,16.81
21966,16.72
21967,16.68
21968,16.53
21969,16.35
21970,16.04
21971,16.01
21972,16.06
21973,16.13
21974,15.88
21975,16.17
21976,16.14
21977,16.22
21978,16.16
21979,16.03
21980,15.87
21981,15.0
21982,15.93
21983,15.96
21984,16.11
21985,16.16
21986,16.17
21987,16.29
21988,16.02
21989,15.95
21990,16.01
21991,15.95
21992,15.99
21993,15.92
21994,15.89
21995,15.55
21996,15.67
21997,15.65
21998,15.32
21999,15.81
22000,15.9
22001,15.81
22002,15.8
22003,15.87
22004,16.08
22005,16.16
22006,16.08
22007,16.2
22008,16.08
22009,15.87
22010,15.77
22011,15.87
22012,15.91
22013,15.85
22014,16.02
22015,15.96
22016,16.12
22017,16.15
22018,15.83
22019,15.89
22020,15.83
22021,15.93
22022,15.83
22023,15.66
22024,15.63
22025,15.64
22026,15.63
22027,15.45
22028,15.35
22029,15.07
22030,14.89
22031,14.81
22032,14.94
22033,15.02
22034,14.88
22035,14.9
22036,14.84
22037,14.89
22038,14.95
22039,15.0
22040,15.16
22041,15.0
22042,15.07
22043,14.83
22044,14.92
22045,14.85
22046,14.92
22047,14.74
22048,14.59
22049,14.76
22050,14.55
22051,14.48
22052,14.34
22053,14.12
22054,14.13
22055,14.34
22056,14.39
22057,14.39
22058,14.4
22059,14.3
22060,14.42
22061,14.45
22062,14.25
22063,14.09
22064,13.94
22065,13.99
22066,13.85
22067,14.19
22068,14.29
22069,14.29
22070,13.97
22071,13.86
22072,13.86
22073,13.9
22074,13.92
22075,14.18
22076,14.02
22077,13.82
22078,13.87
22079,13.77
22080,13.53
22081,13.94
22082,13.96
22083,14.44
22084,14.4
22085,14.85
22086,14.6
22087,14.62
22088,15.1
22089,15.19
22090,15.26
22091,15.11
22092,15.42
22093,15.39
22094,15.44
22095,15.43
22096,15.51
22097,15.27
22098,15.34
22099,15.19
22100,14.92
22101,14.81
22102,14.82
22103,15.05
22104,15.1
22105,14.97
22106,15.05
22107,15.04
22108,15.06
22109,14.86
22110,14.92
22111,14.57
22112,14.24
22113,14.46
22114,14.88
22115,14.73
22116,14.51
22117,15.1
22118,15.04
22119,15.02
22120,14.98
22121,14.77
22122,14.6
22123,14.69
22124,14.35
22125,14.42
22126,14.69
22127,14.83
22128,14.87
22129,14.64
22130,14.74
22131,14.58
22132,14.66
22133,14.72
22134,14.63
22135,14.43
22136,14.32
22137,14.39
22138,14.37
22139,14.42
22140,14.44
22141,14.31
22142,14.08
22143,14.15
22144,14.01
22145,13.99
22146,13.85
22147,13.91
22148,13.76
22149,13.47
22150,13.52
22151,13.75
22152,13.77
22153,13.71
22154,13.8
22155,13.72
22156,13.78
22157,13.67
22158,13.7
22159,13.62
22160,13.41
22161,13.55
22162,13.4
22163,13.43
22164,13.3
22165,13.11
22166,13.12
22167,13.09
22168,12.96
22169,12.88
22170,12.8
22171,12.86
22172,12.9
22173,13.33
22174,12.84
22175,12.96
22176,13.14
22177,13.09
22178,13.32
22179,13.15
22180,13.18
22181,13.21
22182,13.1
22183,12.75
22184,12.94
22185,13.09
22186,12.99
22187,13.18
22188,13.14
22189,13.42
22190,13.29
22191,13.46
22192,13.28
22193,13.25
22194,13.2
22195,12.96
22196,12.81
22197,12.92
22198,12.81
22199,12.86
22200,12.62
22201,12.61
22202,12.46
22203,12.36
22204,12.45
22205,12.46
22206,12.43
22207,12.31
22208,12.33
22209,12.25
22210,12.19
22211,11.81
22212,11.85
22213,11.72
22214,11.96
22215,11.88
22216,11.75
22217,11.74
22218,11.51
22219,11.45
22220,11.53
22221,11.36
22222,11.26
22223,11.1
22224,11.48
22225,11.59
22226,11.56
22227,11.59
22228,11.59
22229,11.54
22230,11.4
22231,11.26
22232,11.58
22233,11.82
22234,11.72
22235,11.64
22236,11.8
22237,11.78
22238,11.92
22239,11.86
22240,11.76
22241,11.65
22242,11.47
22243,11.36
22244,11.21
22245,11.24
22246,11.17
22247,11.1
22248,11.12
22249,11.46
22250,11.56
22251,11.59
22252,11.55
22253,11.45
22254,11.42
22255,10.62
22256,11.54
22257,11.67
22258,11.67
22259,11.6
22260,11.49
22261,11.22
22262,11.18
22263,11.19
22264,11.2
22265,10.95
22266,11.04
22267,11.08
22268,10.94
22269,11.04
22270,10.79
22271,10.73
22272,10.84
22273,10.76
22274,10.77
22275,10.58
22276,10.66
22277,10.67
22278,10.61
22279,10.6
22280,10.62
22281,10.52
22282,10.63
22283,10.55
22284,10.6
22285,10.47
22286,10.35
22287,10.29
22288,10.28
22289,10.24
22290,10.15
22291,10.2
22292,10.32
22293,10.47
22294,10.38
22295,10.15
22296,10.23
22297,10.28
22298,10.22
22299,10.22
22300,10.12
22301,10.06
22302,10.13
22303,10.03
22304,9.9
22305,9.84
22306,9.91
22307,9.92
22308,9.67
22309,9.58
22310,9.69
22311,9.85
22312,10.03
22313,10.02
22314,10.07
22315,10.06
22316,9.98
22317,9.89
22318,10.01
22319,9.15
22320,9.82
22321,9.81
22322,9.8
22323,9.75
22324,9.69
22325,9.65
22326,9.38
22327,9.42
22328,9.42
22329,9.27
22330,9.23
22331,9.28
22332,9.39
22333,9.4
22334,9.44
22335,9.32
22336,9.44
22337,9.41
22338,9.14
22339,9.01
22340,8.22
22341,9.13
22342,8.95
22343,8.85
22344,8.9
22345,8.94
22346,8.78
22347,8.78
22348,8.57
22349,8.48
22350,8.5
22351,8.54
22352,8.45
22353,8.45
22354,8.44
22355,8.35
22356,8.42
22357,8.55
22358,8.42
22359,8.25
22360,8.26
22361,8.14
22362,8.23
22363,8.06
22364,8.19
22365,8.16
22366,8.32
22367,8.54
22368,8.56
22369,8.45
22370,8.47
22371,8.72
22372,8.79
22373,8.74
22374,8.79
22375,8.76
22376,8.85
22377,9.03
22378,9.04
22379,9.19
22380,9.34
22381,9.06
22382,9.01
22383,9.01
22384,9.02
22385,9.03
22386,8.88
22387,8.81
22388,8.89
22389,8.99
22390,9.05
22391,9.1
22392,9.03
22393,8.98
22394,9.07
22395,9.23
22396,9.18
22397,9.2
22398,9.2
22399,9.28
22400,9.18
22401,9.14
22402,9.0
22403,8.96
22404,9.17
22405,9.25
22406,9.44
22407,9.46
22408,9.47
22409,9.58
22410,9.51
22411,9.53
22412,9.51
22413,9.5
22414,9.41
22415,9.07
22416,9.06
22417,9.11
22418,9.04
22419,9.02
22420,9.03
22421,9.16
22422,9.17
22423,9.11
22424,9.13
22425,9.18
22426,9.17
22427,9.36
22428,9.46
22429,9.54
22430,9.56
22431,9.48
22432,9.41
22433,9.54
22434,9.54
22435,9.43
22436,9.52
22437,9.27
22438,9.14
22439,9.1
22440,9.14
22441,9.1
22442,9.18
22443,9.0
22444,9.2
22445,9.23
22446,9.3
22447,9.12
22448,9.19
22449,9.02
22450,8.87
22451,8.77
22452,8.81
22453,8.79
22454,8.76
22455,8.8
22456,8.93
22457,9.14
22458,8.99
22459,9.02
22460,9.03
22461,9.07
22462,9.11
22463,9.09
22464,9.0
22465,9.19
22466,9.07
22467,8.83
22468,8.92
22469,9.0
22470,8.82
22471,8.83
22472,8.86
22473,8.83
22474,9.08
22475,9.18
22476,9.09
22477,9.15
22478,8.9
22479,8.95
22480,8.77
22481,8.74
22482,8.52
22483,8.45
22484,8.47
22485,8.72
22486,8.75
22487,8.72
22488,8.7
22489,8.92
22490,9.02
22491,9.21
22492,9.06
22493,9.15
22494,9.16
22495,9.26
22496,9.34
22497,9.39
22498,9.52
22499,9.35
22500,9.4
22501,9.19
22502,8.97
22503,9.06
22504,9.11
22505,9.04
22506,9.1
22507,9.17
22508,8.93
22509,9.13
22510,8.83
22511,8.69
22512,8.71
22513,8.9
22514,9.01
22515,8.95
22516,8.68
22517,8.67
22518,8.6
22519,8.36
22520,9.07
22521,8.99
22522,9.09
22523,9.47
22524,9.74
22525,9.84
22526,9.68
22527,9.72
22528,9.93
22529,9.91
22530,9.99
22531,9.94
22532,9.88
22533,9.91
22534,9.82
22535,9.66
22536,9.69
22537,9.81
22538,9.98
22539,9.93
22540,9.96
22541,9.73
22542,9.76
22543,9.98
22544,10.08
22545,10.19
22546,10.37
22547,10.23
22548,10.05
22549,10.2
22550,10.2
22551,10.09
22552,10.17
22553,9.71
22554,9.74
22555,9.72
22556,9.49
22557,9.38
22558,9.61
22559,9.79
22560,9.83
22561,9.7
22562,9.59
22563,9.56
22564,9.65
22565,9.87
22566,9.85
22567,9.59
22568,9.56
22569,9.63
22570,9.45
22571,9.55
22572,9.65
22573,9.88
22574,10.05
22575,9.81
22576,10.32
22577,10.29
22578,10.25
22579,10.46
22580,10.46
22581,10.8
22582,10.79
22583,10.94
22584,11.0
22585,11.09
22586,11.16
22587,11.05
22588,11.03
22589,10.89
22590,10.78
22591,10.95
22592,10.99
22593,11.02
22594,11.03
22595,10.87
22596,10.95
22597,10.9
22598,10.87
22599,10.84
22600,10.76
22601,10.62
22602,10.45
22603,10.42
22604,10.71
22605,10.53
22606,10.64
22607,10.45
22608,10.66
22609,10.45
22610,10.82
22611,10.79
22612,10.97
22613,10.96
22614,10.96
22615,10.73
22616,10.8
22617,10.6
22618,10.88
22619,11.01
22620,11.07
22621,10.72
22622,10.76
22623,10.81
22624,10.69
22625,11.13
22626,11.43
22627,11.4
22628,11.36
22629,11.54
22630,11.51
22631,11.29
22632,11.22
22633,11.18
22634,11.5
22635,11.45
22636,11.82
22637,11.81
22638,11.45
22639,11.46
22640,11.17
22641,11.33
22642,11.19
22643,11.02
22644,11.12
22645,11.12
22646,11.05
22647,10.91
22648,10.93
22649,10.63
22650,10.66
22651,10.69
22652,10.64
22653,10.07
22654,10.19
22655,10.14
22656,9.87
22657,9.76
22658,9.81
22659,9.94
22660,9.97
22661,10.11
22662,9.97
22663,9.99
22664,9.71
22665,9.58
22666,9.86
22667,9.55
22668,9.57
22669,9.75
22670,9.77
22671,10.07
22672,10.23
22673,10.19
22674,10.29
22675,10.31
22676,10.1
22677,10.2
22678,10.13
22679,10.2
22680,9.9
22681,9.91
22682,9.88
22683,9.7
22684,9.69
22685,10.01
22686,9.87
22687,10.05
22688,10.1
22689,10.23
22690,9.92
22691,10.03
22692,9.58
22693,9.69
22694,9.81
22695,9.72
22696,9.87
22697,9.8
22698,9.45
22699,9.54
22700,9.22
22701,9.12
22702,8.96
22703,9.04
22704,9.54
22705,9.44
22706,9.63
22707,9.38
22708,9.02
22709,8.86
22710,8.61
22711,9.07
22712,9.51
22713,9.21
22714,9.85
22715,10.24
22716,10.23
22717,10.32
22718,10.05
22719,10.16
22720,10.29
22721,9.67
22722,9.62
22723,9.72
22724,9.79
22725,9.65
22726,10.07
22727,10.16
22728,10.26
22729,10.03
22730,10.69
22731,11.04
22732,11.0
22733,10.82
22734,11.13
22735,11.11
22736,11.06
22737,11.13
22738,10.66
22739,10.7
22740,10.85
22741,10.84
22742,11.23
22743,11.09
22744,11.1
22745,11.2
22746,11.26
22747,11.28
22748,10.88
22749,10.78
22750,10.92
22751,10.75
22752,10.58
22753,10.76
22754,10.2
22755,10.48
22756,10.46
22757,10.59
22758,10.63
22759,10.81
22760,10.39
22761,10.05
22762,10.13
22763,10.36
22764,10.49
22765,10.25
22766,9.95
22767,10.43
22768,10.68
22769,10.59
22770,10.32
22771,10.5
22772,9.65
22773,10.57
22774,11.6
22775,12.2
22776,12.01
22777,11.85
22778,12.0
22779,11.87
22780,11.71
22781,11.86
22782,11.96
22783,11.85
22784,11.55
22785,11.62
22786,10.91
22787,10.74
22788,10.84
22789,10.98
22790,10.87
22791,10.56
22792,10.22
22793,10.58
22794,10.52
22795,10.68
22796,9.81
22797,9.74
22798,10.47
22799,10.57
22800,10.89
22801,10.41
22802,10.31
22803,10.22
22804,10.04
22805,10.07
22806,10.13
22807,9.74
22808,9.64
22809,9.78
22810,9.34
22811,9.08
22812,9.15
22813,8.96
22814,8.64
22815,8.82
22816,8.89
22817,8.94
22818,8.85
22819,8.68
22820,9.03
22821,9.07
22822,8.82
22823,8.4
22824,8.34
22825,8.74
22826,8.65
22827,8.41
22828,8.46
22829,8.43
22830,7.83
22831,7.7
22832,7.77
22833,7.72
22834,7.91
22835,7.44
22836,7.82
22837,7.14
22838,6.66
22839,6.53
22840,6.67
22841,6.41
22842,6.51
22843,6.54
22844,6.12
22845,6.05
22846,5.95
22847,5.9
22848,5.87
22849,5.85
22850,6.05
22851,6.07
22852,6.21
22853,6.09
22854,6.25
22855,6.25
22856,6.12
22857,6.2
22858,6.5
22859,6.63
22860,6.93
22861,6.81
22862,5.84
22863,5.65
22864,5.77
22865,5.66
22866,5.53
22867,5.9
22868,5.68
22869,5.96
22870,6.0
22871,6.23
22872,6.13
22873,6.28
22874,6.32
22875,6.66
22876,6.76
22877,6.62
22878,6.54
22879,6.48
22880,6.53
22881,6.55
22882,6.67
22883,6.94
22884,6.98
22885,7.04
22886,7.05
22887,7.1
22888,6.98
22889,7.03
22890,7.06
22891,6.98
22892,6.95
22893,7.08
22894,7.06
22895,7.25
22896,7.23
22897,7.32
22898,7.34
22899,7.13
22900,7.23
22901,7.12
22902,7.15
22903,6.83
22904,6.92
22905,6.75
22906,6.6
22907,6.61
22908,6.57
22909,6.57
22910,6.8
22911,6.82
22912,6.97
22913,7.0
22914,7.05
22915,7.12
22916,6.99
22917,7.07
22918,7.08
22919,6.89
22920,6.89
22921,6.87
22922,6.54
22923,6.47
22924,6.73
22925,6.55
22926,6.78
22927,6.8
22928,6.78
22929,6.85
22930,7.17
22931,7.2
22932,7.13
22933,7.15
22934,7.2
22935,7.43
22936,7.43
22937,7.68
22938,7.44
22939,6.92
22940,7.24
22941,6.88
22942,6.48
22943,6.52
22944,6.76
22945,6.96
22946,7.09
22947,6.95
22948,6.89
22949,6.76
22950,6.83
22951,6.82
22952,7.23
22953,7.4
22954,7.13
22955,7.0
22956,7.13
22957,6.67
22958,6.88
22959,6.42
22960,7.02
22961,7.43
22962,7.39
22963,8.05
22964,8.06
22965,8.08
22966,8.1
22967,8.36
22968,8.13
22969,8.04
22970,8.4
22971,8.26
22972,8.52
22973,7.62
22974,7.34
22975,7.57
22976,7.66
22977,7.35
22978,7.8
22979,8.15
22980,8.75
22981,8.97
22982,9.31
22983,8.91
22984,8.84
22985,8.47
22986,8.39
22987,8.47
22988,8.58
22989,8.39
22990,8.26
22991,8.33
22992,8.15
22993,7.77
22994,7.53
22995,7.6
22996,7.51
22997,7.68
22998,7.44
22999,7.0
23000,7.61
23001,7.65
23002,7.39
23003,7.43
23004,6.8
23005,6.52
23006,6.39
23007,5.87
23008,6.11
23009,6.03
23010,5.85
23011,5.67
23012,5.4
23013,5.48
23014,5.2
23015,5.05
23016,4.93
23017,4.78
23018,4.8
23019,4.93
23020,4.79
23021,4.82
23022,4.6
23023,4.6
23024,4.41
23025,4.45
23026,4.6
23027,4.5
23028,4.6
23029,4.43
23030,4.51
23031,4.44
23032,4.44
23033,4.6
23034,4.8
23035,4.77
23036,4.77
23037,4.89
23038,4.83
23039,5.12
23040,5.12
23041,4.94
23042,4.82
23043,4.92
23044,4.57
23045,4.57
23046,4.85
23047,5.07
23048,4.89
23049,4.64
23050,4.4
23051,4.47
23052,4.83
23053,5.11
23054,5.03
23055,5.21
23056,5.43
23057,5.48
23058,5.48
23059,5.45
23060,5.59
23061,5.61
23062,5.6
23063,5.8
23064,6.0
23065,6.01
23066,5.96
23067,6.09
23068,5.68
23069,5.74
23070,5.66
23071,5.74
23072,5.83
23073,6.03
23074,6.27
23075,6.12
23076,6.03
23077,5.96
23078,6.24
23079,6.03
23080,6.03
23081,6.12
23082,6.42
23083,6.25
23084,5.98
23085,6.06
23086,6.07
23087,6.26
23088,6.46
23089,6.53
23090,6.73
23091,7.06
23092,7.18
23093,7.31
23094,7.74
23095,7.58
23096,7.59
23097,7.86
23098,7.94
23099,8.05
23100,8.06
23101,8.02
23102,8.28
23103,8.11
23104,8.31
23105,8.31
23106,8.52
23107,8.73
23108,8.81
23109,8.98
23110,8.82
23111,8.72
23112,8.71
23113,8.71
23114,8.35
23115,8.29
23116,8.34
23117,8.35
23118,8.43
23119,8.22
23120,8.72
23121,8.71
23122,8.48
23123,8.84
23124,8.5
23125,8.12
23126,7.5
23127,7.53
23128,7.62
23129,7.78
23130,8.04
23131,8.09
23132,8.05
23133,8.23
23134,7.94
23135,8.03
23136,8.15
23137,8.31
23138,8.2
23139,8.21
23140,8.58
23141,8.63
23142,8.48
23143,8.51
23144,8.92
23145,8.9
23146,8.8
23147,8.39
23148,8.48
23149,8.57
23150,8.22
23151,8.08
23152,7.55
23153,7.56
23154,8.12
23155,8.1
23156,7.96
23157,7.76
23158,7.96
23159,7.95
23160,8.29
23161,8.15
23162,8.36
23163,7.72
23164,7.93
23165,8.12
23166,8.01
23167,8.31
23168,8.58
23169,8.78
23170,9.02
23171,9.29
23172,9.02
23173,9.22
23174,9.05
23175,9.38
23176,9.5
23177,9.31
23178,9.53
23179,9.87
23180,9.7
23181,9.85
23182,10.16
23183,10.21
23184,10.6
23185,10.43
23186,10.72
23187,11.07
23188,11.11
23189,11.28
23190,11.52
23191,11.11
23192,10.78
23193,10.82
23194,10.5
23195,10.43
23196,10.11
23197,10.07
23198,10.41
23199,10.64
23200,10.84
23201,10.5
23202,10.86
23203,10.96
23204,10.49
23205,10.36
23206,10.05
23207,9.87
23208,10.1
23209,10.55
23210,10.62
23211,9.78
23212,9.91
23213,8.82
23214,9.7
23215,9.53
23216,9.71
23217,10.06
23218,10.5
23219,10.92
23220,10.68
23221,11.52
23222,10.8
23223,10.93
23224,11.46
23225,12.04
23226,11.82
23227,11.99
23228,12.1
23229,12.69
23230,12.62
23231,12.76
23232,12.87
23233,13.29
23234,13.35
23235,13.66
23236,13.92
23237,13.86
23238,13.99
23239,13.85
23240,13.93
23241,13.7
23242,13.75
23243,13.86
23244,14.17
23245,14.14
23246,14.1
23247,14.05
23248,14.29
23249,14.02
23250,13.8
23251,13.99
23252,13.55
23253,13.61
23254,13.55
23255,13.64
23256,13.84
23257,13.93
23258,13.73
23259,13.8
23260,13.74
23261,14.18
23262,14.03
23263,13.97
23264,14.28
23265,14.28
23266,14.62
23267,14.46
23268,14.27
23269,14.14
23270,13.8
23271,14.09
23272,14.23
23273,14.63
23274,14.49
23275,14.37
23276,14.51
23277,15.1
23278,15.26
23279,14.94
23280,15.07
23281,14.83
23282,15.09
23283,15.35
23284,14.99
23285,15.09
23286,14.41
23287,14.61
23288,13.22
23289,13.27
23290,13.51
23291,13.66
23292,13.63
23293,13.75
23294,13.73
23295,13.7
23296,13.34
23297,13.56
23298,13.4
23299,13.55
23300,13.12
23301,12.2
23302,12.4
23303,13.02
23304,13.31
23305,13.26
23306,13.41
23307,13.4
23308,13.94
23309,13.89
23310,13.75
23311,13.83
23312,13.84
23313,14.44
23314,14.66
23315,14.99
23316,15.04
23317,15.19
23318,15.44
23319,14.95
23320,15.01
23321,14.94
23322,15.06
23323,14.65
23324,15.09
23325,14.37
23326,14.67
23327,14.76
23328,15.29
23329,15.29
23330,15.22
23331,15.54
23332,15.96
23333,15.73
23334,15.98
23335,16.18
23336,16.51
23337,16.72
23338,16.46
23339,16.41
23340,16.5
23341,16.28
23342,16.5
23343,16.45
23344,16.52
23345,16.69
23346,16.66
23347,17.21
23348,17.54
23349,17.78
23350,17.88
23351,17.76
23352,18.06
23353,18.01
23354,17.81
23355,17.58
23356,17.77
23357,17.32
23358,17.4
23359,17.52
23360,17.72
23361,17.76
23362,17.32
23363,17.69
23364,17.34
23365,17.5
23366,17.52
23367,18.03
23368,18.17
23369,17.97
23370,18.17
23371,17.71
23372,17.43
23373,17.2
23374,17.05
23375,17.34
23376,17.18
23377,17.28
23378,17.23
23379,16.96
23380,16.27
23381,16.22
23382,16.33
23383,16.24
23384,16.16
23385,16.19
23386,16.17
23387,16.02
23388,16.32
23389,16.4
23390,16.42
23391,16.07
23392,15.78
23393,15.78
23394,15.46
23395,15.65
23396,15.46
23397,15.83
23398,15.65
23399,15.84
23400,16.07
23401,16.23
23402,15.09
23403,16.13
23404,15.93
23405,15.85
23406,15.34
23407,15.06
23408,14.72
23409,14.85
23410,15.16
23411,14.96
23412,14.88
23413,15.39
23414,15.22
23415,15.11
23416,14.44
23417,14.94
23418,15.43
23419,15.55
23420,15.73
23421,15.98
23422,15.97
23423,16.43
23424,16.42
23425,16.67
23426,16.96
23427,16.8
23428,16.38
23429,16.61
23430,16.85
23431,17.05
23432,17.2
23433,16.94
23434,17.01
23435,16.66
23436,16.48
23437,16.89
23438,16.56
23439,16.14
23440,15.79
23441,15.54
23442,16.09
23443,16.65
23444,16.62
23445,17.13
23446,16.94
23447,17.34
23448,17.55
23449,17.86
23450,17.78
23451,17.74
23452,17.14
23453,16.9
23454,17.05
23455,17.57
23456,17.16
23457,17.88
23458,18.2
23459,17.91
23460,18.11
23461,17.67
23462,18.4
23463,18.62
23464,18.61
23465,19.42
23466,19.18
23467,19.42
23468,18.59
23469,18.88
23470,19.43
23471,19.73
23472,20.11
23473,20.44
23474,20.17
23475,20.68
23476,21.06
23477,21.29
23478,21.22
23479,21.19
23480,21.5
23481,21.72
23482,21.86
23483,21.76
23484,21.63
23485,21.34
23486,21.02
23487,21.17
23488,21.38
23489,21.37
23490,21.13
23491,21.14
23492,20.98
23493,20.68
23494,20.79
23495,20.64
23496,20.85
23497,20.74
23498,20.54
23499,20.7
23500,20.16
23501,20.15
23502,19.88
23503,20.4
23504,20.27
23505,21.06
23506,21.18
23507,21.52
23508,21.52
23509,21.11
23510,21.21
23511,21.08
23512,21.65
23513,21.82
23514,21.5
23515,21.38
23516,21.66
23517,21.32
23518,20.94
23519,21.77
23520,21.58
23521,21.48
23522,21.32
23523,21.36
23524,20.55
23525,20.77
23526,20.26
23527,19.97
23528,19.83
23529,20.25
23530,20.46
23531,20.24
23532,20.46
23533,19.81
23534,20.0
23535,19.54
23536,19.39
23537,20.09
23538,20.25
23539,20.79
23540,19.86
23541,20.58
23542,20.56
23543,22.26
23544,22.13
23545,22.2
23546,23.01
23547,22.38
23548,23.52
23549,23.91
23550,24.29
23551,24.18
23552,24.4
23553,24.49
23554,24.38
23555,24.24
23556,24.23
23557,24.03
23558,23.79
23559,23.74
23560,23.86
23561,23.75
23562,24.28
23563,24.17
23564,24.57
23565,24.42
23566,24.09
23567,23.69
23568,23.4
23569,23.31
23570,23.76
23571,22.98
23572,23.57
23573,24.3
23574,24.9
23575,24.73
23576,24.76
23577,25.32
23578,25.35
23579,25.55
23580,25.5
23581,25.29
23582,25.75
23583,25.56
23584,25.74
23585,25.73
23586,25.84
23587,25.92
23588,25.87
23589,25.46
23590,25.6
23591,25.54
23592,25.16
23593,25.11
23594,25.37
23595,24.15
23596,24.85
23597,24.57
23598,24.62
23599,24.25
23600,24.28
23601,24.29
23602,24.14
23603,24.03
23604,23.9
23605,23.67
23606,23.45
23607,23.6
23608,23.46
23609,23.72
23610,23.67
23611,23.59
23612,23.59
23613,23.36
23614,23.54
23615,23.36
23616,23.28
23617,23.08
23618,23.11
23619,22.89
23620,22.68
23621,22.92
23622,22.64
23623,23.07
23624,23.28
23625,23.26
23626,23.35
23627,23.36
23628,23.32
23629,23.12
23630,22.97
23631,23.06
23632,23.31
23633,23.01
23634,22.74
23635,22.79
23636,22.47
23637,22.35
23638,22.1
23639,22.21
23640,22.04
23641,21.84
23642,21.63
23643,21.61
23644,21.5
23645,21.31
23646,21.5
23647,21.65
23648,21.56
23649,21.52
23650,21.55
23651,21.62
23652,21.29
23653,21.31
23654,21.5
23655,21.23
23656,21.18
23657,21.45
23658,20.89
23659,20.82
23660,20.84
23661,20.39
23662,20.26
23663,20.16
23664,20.85
23665,21.42
23666,21.56
23667,21.33
23668,21.7
23669,21.17
23670,22.38
23671,22.57
23672,22.4
23673,22.45
23674,21.87
23675,22.05
23676,21.65
23677,20.95
23678,20.92
23679,20.66
23680,21.28
23681,21.53
23682,21.61
23683,21.27
23684,20.7
23685,20.09
23686,20.3
23687,19.24
23688,17.66
23689,18.73
23690,19.86
23691,21.18
23692,21.37
23693,20.61
23694,22.88
23695,24.15
23696,22.99
23697,20.43
23698,22.74
23699,26.12
23700,25.75
23701,26.6
23702,28.27
23703,27.73
23704,28.84
23705,29.69
23706,29.24
23707,30.3
23708,30.55
23709,30.76
23710,30.81
23711,30.27
23712,30.34
23713,30.44
23714,28.65
23715,28.95
23716,30.2
23717,29.98
23718,30.16
23719,30.27
23720,31.13
23721,30.85
23722,30.8
23723,31.38
23724,31.39
23725,31.73
23726,31.68
23727,31.6
23728,31.86
23729,31.38
23730,31.17
23731,31.53
23732,31.1
23733,31.67
23734,31.83
23735,31.02
23736,31.72
23737,31.82
23738,31.71
23739,31.29
23740,30.99
23741,31.05
23742,31.07
23743,31.09
23744,30.79
23745,30.55
23746,30.68
23747,30.5
23748,30.22
23749,29.67
23750,29.62
23751,29.53
23752,29.27
23753,28.38
23754,29.47
23755,29.13
23756,29.43
23757,29.54
23758,29.56
23759,29.08
23760,28.88
23761,28.5
23762,28.18
23763,28.66
23764,28.77
23765,28.64
23766,28.83
23767,28.43
23768,28.76
23769,28.66
23770,28.72
23771,28.65
23772,28.45
23773,28.57
23774,28.26
23775,28.2
23776,28.28
23777,28.37
23778,28.32
23779,28.18
23780,28.06
23781,27.77
23782,27.41
23783,27.11
23784,27.06
23785,26.9
23786,26.62
23787,26.62
23788,26.47
23789,26.32
23790,26.42
23791,26.41
23792,25.93
23793,25.84
23794,25.45
23795,25.43
23796,25.27
23797,25.53
23798,25.64
23799,25.59
23800,25.64
23801,25.27
23802,24.83
23803,24.62
23804,24.59
23805,24.2
23806,25.12
23807,25.31
23808,24.76
23809,25.7
23810,25.39
23811,26.09
23812,25.97
23813,25.84
23814,25.95
23815,25.64
23816,26.34
23817,26.02
23818,26.18
23819,26.07
23820,26.32
23821,26.37
23822,26.11
23823,25.99
23824,25.94
23825,25.53
23826,25.58
23827,25.63
23828,25.75
23829,25.85
23830,25.7
23831,25.41
23832,25.43
23833,25.32
23834,25.06
23835,25.0
23836,25.15
23837,25.06
23838,24.78
23839,24.63
23840,24.83
23841,25.05
23842,25.3
23843,24.86
23844,25.17
23845,24.88
23846,25.53
23847,25.09
23848,24.35
23849,24.51
23850,25.55
23851,25.9
23852,26.02
23853,26.03
23854,26.04
23855,26.08
23856,25.73
23857,25.24
23858,24.97
23859,24.95
23860,25.31
23861,25.15
23862,24.92
23863,25.32
23864,25.49
23865,25.83
23866,25.59
23867,25.25
23868,24.95
23869,24.91
23870,24.86
23871,24.59
23872,24.38
23873,24.39
23874,24.35
23875,24.85
23876,24.95
23877,24.98
23878,24.44
23879,24.71
23880,25.49
23881,25.7
23882,25.64
23883,25.84
23884,25.74
23885,25.45
23886,25.36
23887,25.35
23888,25.48
23889,25.06
23890,25.22
23891,25.07
23892,24.86
23893,24.77
23894,24.69
23895,24.56
23896,24.23
23897,24.59
23898,24.54
23899,24.58
23900,24.54
23901,24.17
23902,24.25
23903,24.85
23904,24.86
23905,24.81
23906,24.35
23907,23.98
23908,23.64
23909,23.44
23910,23.54
23911,23.33
23912,23.07
23913,22.98
23914,22.7
23915,22.44
23916,22.53
23917,22.48
23918,22.52
23919,22.74
23920,22.31
23921,22.36
23922,22.91
23923,23.81
23924,23.91
23925,23.85
23926,24.28
23927,24.19
23928,23.91
23929,23.8
23930,23.7
23931,23.52
23932,23.22
23933,23.57
23934,23.37
23935,23.37
23936,23.03
23937,22.91
23938,22.91
23939,22.84
23940,22.55
23941,22.39
23942,22.24
23943,22.24
23944,21.95
23945,21.99
23946,21.68
23947,21.76
23948,22.0
23949,21.65
23950,21.91
23951,21.99
23952,21.95
23953,21.81
23954,21.96
23955,21.84
23956,21.79
23957,21.72
23958,21.65
23959,21.51
23960,21.41
23961,21.18
23962,21.11
23963,21.22
23964,21.26
23965,21.19
23966,21.26
23967,21.36
23968,21.14
23969,21.13
23970,21.4
23971,21.41
23972,21.43
23973,21.36
23974,21.22
23975,21.18
23976,21.18
23977,21.33
23978,21.14
23979,21.14
23980,21.16
23981,21.08
23982,20.92
23983,21.09
23984,20.94
23985,21.07
23986,20.97
23987,20.87
23988,20.61
23989,20.58
23990,20.54
23991,20.38
23992,20.34
23993,20.02
23994,20.0
23995,20.02
23996,19.77
23997,19.64
23998,19.61
23999,19.47
24000,19.13
24001,19.29
24002,19.25
24003,19.3
24004,19.25
24005,19.49
24006,19.58
24007,19.36
24008,19.33
24009,19.42
24010,19.43
24011,19.47
24012,19.42
24013,19.24
24014,19.2
24015,19.09
24016,19.12
24017,19.03
24018,18.99
24019,19.03
24020,18.8
24021,18.7
24022,18.96
24023,18.81
24024,18.95
24025,19.43
24026,19.46
24027,19.39
24028,19.48
24029,19.29
24030,18.98
24031,19.14
24032,19.07
24033,18.86
24034,18.68
24035,18.47
24036,18.54
24037,18.56
24038,18.57
24039,18.34
24040,18.4
24041,18.74
24042,19.05
24043,18.89
24044,18.34
24045,18.68
24046,19.37
24047,19.61
24048,19.66
24049,19.85
24050,19.8
24051,20.07
24052,20.0
24053,19.82
24054,19.57
24055,19.9
24056,19.87
24057,19.75
24058,19.36
24059,19.63
24060,19.92
24061,20.12
24062,20.05
24063,20.39
24064,20.44
24065,20.36
24066,20.21
24067,20.24
24068,20.27
24069,20.41
24070,20.24
24071,19.93
24072,19.83
24073,19.78
24074,19.75
24075,19.68
24076,19.47
24077,19.33
24078,19.25
24079,19.15
24080,19.34
24081,19.63
24082,19.52
24083,19.52
24084,19.68
24085,19.73
24086,19.41
24087,19.44
24088,19.1
24089,19.27
24090,19.23
24091,18.99
24092,19.02
24093,18.91
24094,19.28
24095,18.95
24096,18.89
24097,18.94
24098,19.05
24099,18.78
24100,18.6
24101,18.65
24102,18.46
24103,18.36
24104,18.26
24105,18.07
24106,17.93
24107,17.92
24108,18.0
24109,17.93
24110,17.64
24111,17.58
24112,17.67
24113,17.57
24114,17.3
24115,17.3
24116,17.26
24117,17.16
24118,17.11
24119,17.18
24120,17.13
24121,17.11
24122,16.95
24123,17.04
24124,17.35
24125,17.4
24126,17.44
24127,17.54
24128,17.55
24129,17.49
24130,17.44
24131,17.45
24132,17.4
24133,17.63
24134,17.53
24135,17.57
24136,17.49
24137,17.69
24138,17.63
24139,17.52
24140,17.71
24141,17.64
24142,17.48
24143,17.38
24144,17.26
24145,17.3
24146,17.29
24147,17.58
24148,17.47
24149,17.35
24150,17.37
24151,17.5
24152,17.66
24153,17.55
24154,17.72
24155,17.76
24156,17.66
